{"stats":{"minecraft:custom":{"minecraft:interact_with_furnace":12,"minecraft:mob_kills":11,"minecraft:interact_with_crafting_table":17,"minecraft:open_barrel":2,"minecraft:leave_game":1,"minecraft:time_since_death":3420,"minecraft:sleep_in_bed":1,"minecraft:climb_one_cm":15433,"minecraft:time_since_rest":3462,"minecraft:damage_taken":2620,"minecraft:sprint_one_cm":88852,"minecraft:walk_one_cm":78972,"minecraft:drop":8,"minecraft:damage_dealt":1422,"minecraft:swim_one_cm":3650,"minecraft:fly_one_cm":815558,"minecraft:open_chest":14,"minecraft:crouch_one_cm":6809,"minecraft:play_time":52773,"minecraft:deaths":5,"minecraft:sneak_time":6811,"minecraft:walk_under_water_one_cm":3431,"minecraft:jump":668,"minecraft:interact_with_blast_furnace":9,"minecraft:walk_on_water_one_cm":3090,"minecraft:total_world_time":52773,"minecraft:fall_one_cm":52745},"minecraft:used":{"minecraft:stone_pickaxe":2,"minecraft:wooden_pickaxe":10,"supplementaries:sconce":1,"minecraft:glow_berries":9,"minecraft:crafting_table":1,"minecraft:carrot":2,"simplyswords:iron_halberd":18,"sophisticatedbackpacks:backpack":3,"simplefarming:candy_cane":1,"minecraft:chicken":1,"minecraft:stone_axe":3,"azurepaxels:wooden_paxel":8,"azurepaxels:stone_paxel":62},"minecraft:crafted":{"minecraft:stone_shovel":1,"sophisticatedbackpacks:backpack":1,"minecraft:crafting_table":1,"minecraft:iron_nugget":9,"minecraft:wooden_pickaxe":1,"simplyswords:iron_halberd":1,"minecraft:birch_planks":44,"minecraft:stone_axe":2,"minecraft:air":0,"azurepaxels:stone_paxel":1,"minecraft:leather":5,"minecraft:stick":16,"minecraft:iron_ingot":12,"minecraft:stone_pickaxe":2,"minecraft:chest":1},"minecraft:dropped":{"sophisticatedbackpacks:backpack":1,"simplyswords:iron_halberd":1,"minecraft:stick":1,"minecraft:big_dripleaf":2,"gravestone:obituary":3,"minecraft:wooden_pickaxe":1},"minecraft:mined":{"minecraft:red_wool":1,"gravestone:gravestone":4,"minecraft:grass_block":2,"minecraft:calcite":3,"minecraft:birch_wood":2,"minecraft:moss_block":2,"minecraft:diorite":4,"minecraft:birch_log":12,"minecraft:iron_ore":5,"minecraft:stone_brick_stairs":1,"minecraft:grass":1,"minecraft:coal_ore":2,"minecraft:dirt":1,"minecraft:stone":48,"sophisticatedbackpacks:backpack":1},"minecraft:picked_up":{"minecraft:birch_log":12,"simplefarming:pea_seeds":1,"minecraft:feather":4,"minecraft:chicken":4,"minecraft:clay_ball":1,"minecraft:leather":1,"minecraft:stone_brick_stairs":1,"minecraft:gunpowder":2,"minecraft:dirt":3,"minecraft:stone_bricks":1,"minecraft:birch_wood":2,"minecraft:calcite":1,"minecraft:azalea":2,"minecraft:moss_block":2,"minecraft:stick":1,"minecraft:raw_iron":5,"minecraft:big_dripleaf":4,"minecraft:red_wool":1,"sophisticatedbackpacks:backpack":3,"simplyswords:iron_halberd":1,"minecraft:diorite":7,"minecraft:rotten_flesh":2,"minecraft:glow_berries":3,"minecraft:mutton":5,"minecraft:coal":2,"minecraft:white_wool":3,"minecraft:cobblestone":57},"minecraft:killed":{"minecraft:creeper":1,"minecraft:horse":2,"minecraft:sheep":3,"minecraft:zombie":1,"minecraft:chicken":4},"minecraft:killed_by":{"minecraft:player":1,"minecraft:spider":1}},"DataVersion":3465}