{"stats":{"minecraft:custom":{"minecraft:interact_with_furnace":22,"minecraft:mob_kills":12,"minecraft:interact_with_crafting_table":21,"minecraft:open_barrel":2,"minecraft:leave_game":1,"minecraft:time_since_death":2979,"minecraft:sleep_in_bed":1,"minecraft:climb_one_cm":15883,"minecraft:waystone_activated":1,"minecraft:time_since_rest":3003,"minecraft:damage_taken":3115,"minecraft:sprint_one_cm":108748,"minecraft:walk_one_cm":97181,"minecraft:drop":10,"minecraft:damage_dealt":1586,"minecraft:swim_one_cm":4115,"minecraft:fly_one_cm":954241,"minecraft:open_chest":14,"minecraft:crouch_one_cm":8037,"minecraft:play_time":64773,"minecraft:deaths":6,"minecraft:sneak_time":7777,"minecraft:walk_under_water_one_cm":15100,"minecraft:jump":866,"minecraft:interact_with_blast_furnace":9,"minecraft:walk_on_water_one_cm":6829,"minecraft:total_world_time":64773,"minecraft:fall_one_cm":64674},"minecraft:used":{"minecraft:stone_pickaxe":9,"minecraft:wooden_pickaxe":10,"minecraft:cooked_chicken":3,"supplementaries:sconce":3,"minecraft:glow_berries":9,"minecraft:dirt":1,"minecraft:crafting_table":2,"minecraft:carrot":2,"simplyswords:iron_halberd":20,"sophisticatedbackpacks:backpack":4,"simplefarming:candy_cane":1,"minecraft:chicken":1,"minecraft:stone_axe":3,"minecraft:furnace":2,"minecraft:andesite":3,"azurepaxels:wooden_paxel":8,"azurepaxels:stone_paxel":127},"minecraft:crafted":{"minecraft:stone_shovel":1,"sophisticatedbackpacks:backpack":1,"minecraft:crafting_table":2,"minecraft:iron_nugget":9,"minecraft:wooden_pickaxe":1,"minecraft:cooked_chicken":3,"simplyswords:iron_halberd":1,"minecraft:furnace":2,"minecraft:birch_planks":52,"minecraft:stone_axe":2,"minecraft:cooked_mutton":3,"minecraft:air":0,"azurepaxels:stone_paxel":1,"minecraft:leather":6,"minecraft:stick":20,"minecraft:iron_ingot":12,"minecraft:stone_pickaxe":2,"minecraft:chest":1,"minecraft:torch":8},"minecraft:dropped":{"sophisticatedbackpacks:backpack":1,"simplyswords:iron_halberd":1,"minecraft:stick":1,"minecraft:big_dripleaf":2,"gravestone:obituary":5,"minecraft:wooden_pickaxe":1},"minecraft:mined":{"minecraft:red_wool":1,"minecraft:crafting_table":1,"gravestone:gravestone":5,"minecraft:grass_block":3,"minecraft:calcite":3,"denseores:dense_coal_ore":6,"minecraft:birch_wood":2,"minecraft:moss_block":2,"minecraft:diorite":4,"minecraft:furnace":2,"minecraft:birch_log":16,"minecraft:iron_ore":5,"minecraft:andesite":34,"minecraft:stone_brick_stairs":1,"minecraft:grass":2,"minecraft:coal_ore":2,"minecraft:vine":2,"minecraft:dirt":1,"minecraft:stone":48,"sophisticatedbackpacks:backpack":2,"minecraft:deepslate":22},"minecraft:picked_up":{"minecraft:birch_log":14,"minecraft:crafting_table":1,"simplefarming:pea_seeds":1,"minecraft:feather":4,"minecraft:chicken":4,"minecraft:clay_ball":1,"minecraft:andesite":34,"minecraft:leather":1,"minecraft:stone_brick_stairs":1,"minecraft:gunpowder":2,"minecraft:dirt":4,"minecraft:cooked_mutton":2,"minecraft:stone_bricks":1,"minecraft:cobbled_deepslate":22,"minecraft:birch_wood":2,"minecraft:calcite":1,"minecraft:azalea":2,"minecraft:moss_block":2,"minecraft:furnace":2,"minecraft:stick":1,"minecraft:raw_iron":5,"minecraft:big_dripleaf":4,"minecraft:red_wool":1,"sophisticatedbackpacks:backpack":4,"simplyswords:iron_halberd":1,"minecraft:diorite":7,"minecraft:rotten_flesh":3,"minecraft:glow_berries":3,"minecraft:mutton":5,"minecraft:coal":43,"minecraft:white_wool":3,"minecraft:cobblestone":57},"minecraft:killed":{"minecraft:creeper":1,"minecraft:horse":2,"minecraft:sheep":3,"minecraft:zombie":2,"minecraft:chicken":4},"minecraft:killed_by":{"minecraft:player":1,"minecraft:skeleton":1,"minecraft:spider":1}},"DataVersion":3465}