{"stats":{"minecraft:custom":{"minecraft:time_since_rest":4331,"minecraft:interact_with_furnace":1,"minecraft:sprint_one_cm":13580,"minecraft:damage_taken":1670,"minecraft:walk_one_cm":20794,"minecraft:drop":3,"minecraft:damage_dealt":12,"minecraft:interact_with_crafting_table":7,"minecraft:fly_one_cm":206911,"minecraft:open_chest":3,"minecraft:crouch_one_cm":2546,"minecraft:play_time":16773,"minecraft:deaths":2,"minecraft:sneak_time":2489,"minecraft:jump":147,"minecraft:time_since_death":4307,"minecraft:leave_game":1,"minecraft:walk_on_water_one_cm":392,"minecraft:total_world_time":16773,"minecraft:climb_one_cm":6070,"minecraft:fall_one_cm":22646},"minecraft:used":{"minecraft:wooden_pickaxe":10,"minecraft:crafting_table":1,"azurepaxels:wooden_paxel":8,"azurepaxels:stone_paxel":44},"minecraft:crafted":{"azurepaxels:stone_paxel":1,"minecraft:stone_shovel":1,"minecraft:crafting_table":1,"minecraft:stick":8,"minecraft:wooden_pickaxe":1,"minecraft:stone_pickaxe":2,"minecraft:birch_planks":32,"minecraft:stone_axe":2},"minecraft:dropped":{"minecraft:big_dripleaf":2,"gravestone:obituary":1,"minecraft:wooden_pickaxe":1},"minecraft:mined":{"minecraft:birch_log":11,"gravestone:gravestone":2,"minecraft:grass":1,"minecraft:stone":47,"minecraft:moss_block":2,"minecraft:diorite":3},"minecraft:picked_up":{"minecraft:birch_log":11,"minecraft:clay_ball":1,"minecraft:big_dripleaf":4,"minecraft:diorite":6,"minecraft:azalea":2,"minecraft:moss_block":2,"minecraft:cobblestone":56},"minecraft:killed_by":{"minecraft:spider":1}},"DataVersion":3465}