{"stats":{"minecraft:custom":{"minecraft:time_since_rest":6985,"minecraft:interact_with_furnace":11,"minecraft:sprint_one_cm":30910,"minecraft:damage_taken":1940,"minecraft:walk_one_cm":42843,"minecraft:mob_kills":1,"minecraft:drop":5,"minecraft:damage_dealt":213,"minecraft:interact_with_crafting_table":13,"minecraft:fly_one_cm":270872,"minecraft:open_barrel":1,"minecraft:open_chest":9,"minecraft:crouch_one_cm":3466,"minecraft:play_time":28773,"minecraft:deaths":3,"minecraft:sneak_time":3458,"minecraft:jump":313,"minecraft:interact_with_blast_furnace":8,"minecraft:time_since_death":6960,"minecraft:leave_game":1,"minecraft:walk_on_water_one_cm":691,"minecraft:total_world_time":28773,"minecraft:climb_one_cm":9418,"minecraft:fall_one_cm":31287},"minecraft:used":{"simplefarming:candy_cane":1,"sophisticatedbackpacks:backpack":1,"minecraft:stone_pickaxe":1,"minecraft:wooden_pickaxe":10,"supplementaries:sconce":1,"minecraft:stone_axe":3,"minecraft:glow_berries":2,"minecraft:crafting_table":1,"minecraft:carrot":2,"azurepaxels:wooden_paxel":8,"azurepaxels:stone_paxel":46},"minecraft:crafted":{"azurepaxels:stone_paxel":1,"minecraft:stone_shovel":1,"minecraft:leather":5,"minecraft:iron_nugget":9,"minecraft:crafting_table":1,"minecraft:stick":16,"minecraft:iron_ingot":12,"minecraft:wooden_pickaxe":1,"simplyswords:iron_halberd":1,"minecraft:stone_pickaxe":2,"minecraft:birch_planks":36,"minecraft:stone_axe":2,"minecraft:air":0},"minecraft:dropped":{"minecraft:big_dripleaf":2,"gravestone:obituary":2,"minecraft:wooden_pickaxe":1,"minecraft:stick":1},"minecraft:mined":{"minecraft:birch_log":12,"minecraft:stone_brick_stairs":1,"gravestone:gravestone":3,"minecraft:grass":1,"minecraft:stone":47,"minecraft:moss_block":2,"minecraft:diorite":3},"minecraft:picked_up":{"minecraft:birch_log":12,"minecraft:stick":1,"minecraft:clay_ball":1,"minecraft:big_dripleaf":4,"sophisticatedbackpacks:backpack":1,"minecraft:stone_brick_stairs":1,"minecraft:diorite":6,"minecraft:rotten_flesh":2,"minecraft:stone_bricks":1,"minecraft:azalea":2,"minecraft:moss_block":2,"minecraft:cobblestone":56},"minecraft:killed_by":{"minecraft:player":1,"minecraft:spider":1},"minecraft:killed":{"minecraft:zombie":1}},"DataVersion":3465}