{"stats":{"minecraft:custom":{"minecraft:mob_kills":16,"minecraft:interact_with_crafting_table":44,"minecraft:open_barrel":5,"minecraft:leave_game":3,"minecraft:time_since_death":19702,"minecraft:climb_one_cm":27142,"minecraft:sprint_one_cm":296184,"minecraft:walk_one_cm":219548,"minecraft:drop":33,"minecraft:talked_to_villager":3,"minecraft:play_time":136448,"minecraft:deaths":10,"minecraft:sneak_time":17042,"minecraft:walk_under_water_one_cm":15100,"minecraft:jump":2192,"minecraft:interact_with_blast_furnace":9,"minecraft:walk_on_water_one_cm":9216,"minecraft:total_world_time":136448,"minecraft:interact_with_furnace":35,"minecraft:sleep_in_bed":4,"minecraft:time_since_rest":19728,"minecraft:waystone_activated":3,"minecraft:damage_taken":5885,"minecraft:damage_absorbed":40,"minecraft:damage_dealt":2186,"minecraft:swim_one_cm":4115,"minecraft:fly_one_cm":1712965,"minecraft:open_chest":50,"minecraft:crouch_one_cm":21488,"minecraft:interact_with_smoker":9,"minecraft:fall_one_cm":163166},"minecraft:used":{"minecraft:cooked_chicken":3,"supplementaries:sconce":3,"minecraft:torch":3,"minecraft:dirt":3,"simplefarming:candy":1,"minecraft:carrot":2,"simplefarming:candy_cane":1,"minecraft:written_book":4,"minecraft:furnace":3,"azurepaxels:stone_paxel":389,"minecraft:brown_bed":1,"simplefarming:ice_cream_sundae":1,"minecraft:diorite":2,"minecraft:stone_pickaxe":9,"minecraft:wooden_pickaxe":30,"minecraft:golden_apple":1,"simplyswords:gold_greathammer":4,"minecraft:glow_berries":9,"minecraft:crafting_table":6,"minecraft:red_bed":1,"simplyswords:iron_halberd":20,"minecraft:smoker":1,"enderio:dark_steel_sword":4,"simplefarming:borscht":1,"sophisticatedbackpacks:backpack":4,"minecraft:chicken":1,"minecraft:bread":33,"minecraft:brown_wool":2,"minecraft:stone_axe":3,"simplefarming:apple_pie":3,"minecraft:andesite":3,"azurepaxels:wooden_paxel":8,"minecraft:stripped_oak_log":1},"minecraft:crafted":{"minecraft:oak_planks":48,"minecraft:rotten_flesh":12,"minecraft:stone_shovel":3,"minecraft:iron_nugget":9,"minecraft:cooked_chicken":3,"minecraft:furnace":4,"minecraft:cooked_mutton":3,"minecraft:leather":18,"minecraft:stone_pickaxe":4,"minecraft:chest":3,"minecraft:smoker":1,"minecraft:wheat":90,"sophisticatedbackpacks:backpack":2,"minecraft:crafting_table":6,"minecraft:wooden_pickaxe":3,"simplyswords:iron_halberd":1,"minecraft:brown_bed":1,"minecraft:birch_planks":76,"minecraft:stone_axe":4,"minecraft:bread":35,"minecraft:air":0,"azurepaxels:stone_paxel":3,"minecraft:stick":48,"minecraft:gunpowder":12,"minecraft:iron_ingot":18,"enderio:dark_steel_sword":1,"minecraft:torch":24},"minecraft:broken":{"azurepaxels:stone_paxel":1},"minecraft:dropped":{"minecraft:moss_block":4,"minecraft:feather":1,"minecraft:cobblestone":67,"simplyswords:iron_halberd":1,"simplefarming:ginger":4,"industrialforegoing:pink_slime":2,"minecraft:stick":1,"minecraft:diorite":11,"reliquary:squid_beak":3,"gravestone:obituary":8,"simplyswords:gold_greathammer":2,"minecraft:moss_carpet":1,"minecraft:bowl":1,"minecraft:oak_planks":1,"sophisticatedbackpacks:backpack":1,"minecraft:big_dripleaf":2,"simplefarming:honeydew_seeds":1,"minecraft:andesite":2,"minecraft:slime_ball":1,"minecraft:wooden_pickaxe":3,"minecraft:black_wool":4},"minecraft:mined":{"minecraft:mossy_cobblestone":4,"gravestone:gravestone":6,"minecraft:ladder":2,"minecraft:cave_vines_plant":1,"minecraft:grass_block":8,"minecraft:spruce_leaves":8,"minecraft:moss_block":6,"minecraft:hay_block":52,"minecraft:furnace":3,"minecraft:iron_ore":5,"minecraft:andesite":34,"minecraft:pumpkin":6,"minecraft:vine":5,"minecraft:oak_stairs":1,"minecraft:stripped_oak_log":7,"minecraft:spruce_wood":1,"minecraft:stone":151,"simplefarming:fruit_log":1,"sophisticatedbackpacks:backpack":2,"minecraft:glass_pane":1,"minecraft:red_wool":1,"minecraft:red_bed":2,"minecraft:smoker":1,"minecraft:oak_fence":1,"minecraft:crafting_table":1,"minecraft:calcite":3,"denseores:dense_coal_ore":6,"minecraft:cobblestone":24,"minecraft:birch_wood":2,"minecraft:oak_planks":2,"minecraft:diorite":17,"minecraft:birch_log":27,"minecraft:stone_brick_stairs":1,"minecraft:grass":10,"minecraft:oak_log":12,"minecraft:coal_ore":8,"minecraft:gravel":1,"minecraft:dirt":14,"minecraft:oak_leaves":3,"denseores:dense_iron_ore":4,"minecraft:deepslate":32,"minecraft:suspicious_gravel":2},"minecraft:picked_up":{"simplefarming:pea_seeds":1,"minecraft:crafting_table":1,"minecraft:chicken":4,"minecraft:clay_ball":1,"minecraft:stone_brick_stairs":1,"minecraft:moss_carpet":3,"minecraft:red_bed":1,"minecraft:string":4,"minecraft:cobbled_deepslate":32,"minecraft:calcite":1,"minecraft:azalea":2,"minecraft:furnace":3,"minecraft:stick":3,"minecraft:raw_iron":20,"minecraft:big_dripleaf":4,"minecraft:oak_fence":1,"simplyswords:gold_greathammer":1,"minecraft:bowl":1,"sophisticatedbackpacks:backpack":4,"simplyswords:iron_halberd":1,"minecraft:diorite":20,"minecraft:rotten_flesh":5,"minecraft:hay_block":51,"minecraft:glow_berries":3,"minecraft:mutton":5,"minecraft:cobblestone":178,"minecraft:white_wool":3,"minecraft:stripped_oak_log":6,"minecraft:birch_log":25,"minecraft:feather":4,"minecraft:andesite":36,"minecraft:leather":1,"minecraft:smoker":1,"reliquary:squid_beak":3,"minecraft:oak_log":12,"minecraft:gunpowder":2,"minecraft:dirt":30,"minecraft:cooked_mutton":2,"minecraft:stone_bricks":1,"minecraft:wheat_seeds":4,"simplefarming:honeydew_seeds":1,"minecraft:birch_wood":2,"minecraft:moss_block":6,"minecraft:oak_planks":2,"minecraft:red_wool":1,"minecraft:spruce_sapling":1,"minecraft:mossy_cobblestone":4,"minecraft:slime_ball":2,"minecraft:coal":47,"minecraft:black_wool":2},"minecraft:killed":{"minecraft:spider":2,"minecraft:slime":1,"minecraft:horse":2,"minecraft:chicken":4,"minecraft:creeper":1,"minecraft:sheep":3,"minecraft:zombie":3},"minecraft:killed_by":{"minecraft:player":1,"minecraft:spider":1,"minecraft:skeleton":3}},"DataVersion":3465}