{"stats":{"minecraft:custom":{"minecraft:time_since_rest":4773,"minecraft:crouch_one_cm":178,"minecraft:sprint_one_cm":816,"minecraft:play_time":4773,"minecraft:walk_one_cm":4373,"minecraft:sneak_time":49,"minecraft:jump":22,"minecraft:leave_game":1,"minecraft:time_since_death":4773,"minecraft:total_world_time":4773,"minecraft:interact_with_crafting_table":2,"minecraft:fall_one_cm":476,"minecraft:fly_one_cm":26422},"minecraft:crafted":{"minecraft:birch_planks":32,"minecraft:stone_axe":1,"minecraft:crafting_table":1,"minecraft:stick":8,"minecraft:wooden_pickaxe":1,"minecraft:stone_pickaxe":1},"minecraft:used":{"minecraft:crafting_table":1,"azurepaxels:wooden_paxel":8,"minecraft:wooden_pickaxe":10},"minecraft:mined":{"minecraft:grass":1,"minecraft:birch_log":8,"minecraft:stone":7,"minecraft:diorite":2},"minecraft:picked_up":{"minecraft:birch_log":8,"minecraft:diorite":2,"minecraft:cobblestone":7}},"DataVersion":3465}