{"stats":{"minecraft:custom":{"minecraft:interact_with_furnace":23,"minecraft:mob_kills":13,"minecraft:interact_with_crafting_table":28,"minecraft:open_barrel":4,"minecraft:leave_game":1,"minecraft:time_since_death":21281,"minecraft:sleep_in_bed":3,"minecraft:climb_one_cm":19903,"minecraft:waystone_activated":2,"minecraft:time_since_rest":3256,"minecraft:damage_taken":4203,"minecraft:sprint_one_cm":167537,"minecraft:walk_one_cm":136467,"minecraft:drop":15,"minecraft:damage_dealt":1596,"minecraft:talked_to_villager":3,"minecraft:swim_one_cm":4115,"minecraft:fly_one_cm":1262785,"minecraft:open_chest":27,"minecraft:crouch_one_cm":11112,"minecraft:play_time":88773,"minecraft:deaths":9,"minecraft:sneak_time":10790,"minecraft:walk_under_water_one_cm":15100,"minecraft:jump":1259,"minecraft:interact_with_blast_furnace":9,"minecraft:walk_on_water_one_cm":8022,"minecraft:total_world_time":88773,"minecraft:fall_one_cm":99963},"minecraft:used":{"minecraft:stone_pickaxe":9,"minecraft:wooden_pickaxe":20,"minecraft:cooked_chicken":3,"supplementaries:sconce":3,"minecraft:glow_berries":9,"minecraft:dirt":1,"minecraft:crafting_table":4,"minecraft:carrot":2,"simplyswords:iron_halberd":20,"simplefarming:borscht":1,"sophisticatedbackpacks:backpack":4,"simplefarming:candy_cane":1,"minecraft:bread":7,"minecraft:chicken":1,"minecraft:brown_wool":2,"minecraft:stone_axe":3,"simplefarming:apple_pie":3,"minecraft:written_book":1,"minecraft:furnace":2,"minecraft:andesite":3,"azurepaxels:wooden_paxel":8,"minecraft:brown_bed":1,"azurepaxels:stone_paxel":131},"minecraft:crafted":{"minecraft:oak_planks":12,"minecraft:stone_shovel":2,"sophisticatedbackpacks:backpack":1,"minecraft:crafting_table":4,"minecraft:iron_nugget":9,"minecraft:wooden_pickaxe":2,"minecraft:cooked_chicken":3,"simplyswords:iron_halberd":1,"minecraft:furnace":2,"minecraft:brown_bed":1,"minecraft:birch_planks":64,"minecraft:stone_axe":3,"minecraft:bread":17,"minecraft:cooked_mutton":3,"minecraft:air":0,"azurepaxels:stone_paxel":2,"minecraft:leather":6,"minecraft:stick":32,"minecraft:iron_ingot":12,"minecraft:stone_pickaxe":3,"minecraft:chest":1,"minecraft:torch":8,"minecraft:wheat":45},"minecraft:dropped":{"minecraft:moss_carpet":1,"sophisticatedbackpacks:backpack":1,"simplyswords:iron_halberd":1,"minecraft:stick":1,"minecraft:big_dripleaf":2,"simplefarming:honeydew_seeds":1,"gravestone:obituary":7,"minecraft:wooden_pickaxe":2},"minecraft:mined":{"minecraft:red_bed":1,"minecraft:red_wool":1,"minecraft:mossy_cobblestone":4,"minecraft:crafting_table":1,"gravestone:gravestone":5,"minecraft:grass_block":3,"minecraft:calcite":3,"denseores:dense_coal_ore":6,"minecraft:birch_wood":2,"minecraft:moss_block":2,"minecraft:diorite":4,"minecraft:hay_block":5,"minecraft:furnace":2,"minecraft:birch_log":19,"minecraft:iron_ore":5,"minecraft:andesite":34,"minecraft:stone_brick_stairs":1,"minecraft:grass":8,"minecraft:oak_log":3,"minecraft:coal_ore":2,"minecraft:vine":2,"minecraft:oak_stairs":1,"minecraft:dirt":1,"minecraft:stone":48,"simplefarming:fruit_log":1,"sophisticatedbackpacks:backpack":2,"minecraft:deepslate":32},"minecraft:picked_up":{"minecraft:birch_log":17,"minecraft:crafting_table":1,"simplefarming:pea_seeds":1,"minecraft:feather":4,"minecraft:chicken":4,"minecraft:clay_ball":1,"minecraft:andesite":34,"minecraft:leather":1,"minecraft:stone_brick_stairs":1,"minecraft:oak_log":3,"minecraft:gunpowder":2,"minecraft:moss_carpet":3,"minecraft:dirt":4,"minecraft:cooked_mutton":2,"minecraft:stone_bricks":1,"minecraft:wheat_seeds":4,"minecraft:cobbled_deepslate":32,"simplefarming:honeydew_seeds":1,"minecraft:birch_wood":2,"minecraft:calcite":1,"minecraft:azalea":2,"minecraft:moss_block":2,"minecraft:furnace":2,"minecraft:stick":1,"minecraft:raw_iron":5,"minecraft:big_dripleaf":4,"minecraft:red_wool":1,"sophisticatedbackpacks:backpack":4,"simplyswords:iron_halberd":1,"minecraft:diorite":7,"minecraft:mossy_cobblestone":4,"minecraft:rotten_flesh":3,"minecraft:slime_ball":1,"minecraft:hay_block":5,"minecraft:glow_berries":3,"minecraft:mutton":5,"minecraft:coal":43,"minecraft:white_wool":3,"minecraft:cobblestone":57},"minecraft:killed":{"minecraft:slime":1,"minecraft:creeper":1,"minecraft:horse":2,"minecraft:sheep":3,"minecraft:zombie":2,"minecraft:chicken":4},"minecraft:killed_by":{"minecraft:player":1,"minecraft:skeleton":3,"minecraft:spider":1}},"DataVersion":3465}