{"stats":{"minecraft:custom":{"minecraft:mob_kills":15,"minecraft:open_barrel":5,"minecraft:interact_with_crafting_table":40,"minecraft:leave_game":1,"minecraft:time_since_death":45281,"minecraft:climb_one_cm":22960,"minecraft:sprint_one_cm":222744,"minecraft:walk_one_cm":176181,"minecraft:drop":25,"minecraft:talked_to_villager":3,"minecraft:play_time":112773,"minecraft:deaths":9,"minecraft:sneak_time":13124,"minecraft:walk_under_water_one_cm":15100,"minecraft:jump":1645,"minecraft:interact_with_blast_furnace":9,"minecraft:walk_on_water_one_cm":8022,"minecraft:total_world_time":112773,"minecraft:interact_with_furnace":35,"minecraft:sleep_in_bed":4,"minecraft:time_since_rest":12906,"minecraft:waystone_activated":3,"minecraft:damage_taken":4734,"minecraft:damage_absorbed":40,"minecraft:damage_dealt":1916,"minecraft:swim_one_cm":4115,"minecraft:fly_one_cm":1383861,"minecraft:open_chest":49,"minecraft:crouch_one_cm":17001,"minecraft:interact_with_smoker":9,"minecraft:fall_one_cm":123031},"minecraft:used":{"supplementaries:sconce":3,"minecraft:cooked_chicken":3,"minecraft:dirt":1,"simplefarming:candy":1,"minecraft:carrot":2,"simplefarming:candy_cane":1,"minecraft:written_book":4,"minecraft:furnace":3,"azurepaxels:stone_paxel":230,"minecraft:brown_bed":1,"simplefarming:ice_cream_sundae":1,"minecraft:stone_pickaxe":9,"minecraft:wooden_pickaxe":20,"minecraft:golden_apple":1,"simplyswords:gold_greathammer":4,"minecraft:glow_berries":9,"minecraft:crafting_table":5,"minecraft:red_bed":1,"simplyswords:iron_halberd":20,"minecraft:smoker":1,"sophisticatedbackpacks:backpack":4,"simplefarming:borscht":1,"minecraft:chicken":1,"minecraft:bread":15,"minecraft:brown_wool":2,"minecraft:stone_axe":3,"simplefarming:apple_pie":3,"minecraft:andesite":3,"azurepaxels:wooden_paxel":8,"minecraft:stripped_oak_log":1},"minecraft:crafted":{"minecraft:oak_planks":44,"minecraft:stone_shovel":2,"minecraft:rotten_flesh":12,"minecraft:iron_nugget":9,"minecraft:cooked_chicken":3,"minecraft:furnace":4,"minecraft:cooked_mutton":3,"minecraft:leather":18,"minecraft:stone_pickaxe":3,"minecraft:chest":3,"minecraft:wheat":90,"minecraft:smoker":1,"sophisticatedbackpacks:backpack":2,"minecraft:crafting_table":5,"minecraft:wooden_pickaxe":2,"simplyswords:iron_halberd":1,"minecraft:brown_bed":1,"minecraft:birch_planks":64,"minecraft:stone_axe":3,"minecraft:bread":35,"minecraft:air":0,"azurepaxels:stone_paxel":2,"minecraft:stick":32,"minecraft:gunpowder":12,"minecraft:iron_ingot":18,"minecraft:torch":8},"minecraft:dropped":{"minecraft:feather":1,"minecraft:cobblestone":3,"simplyswords:iron_halberd":1,"simplefarming:ginger":4,"industrialforegoing:pink_slime":2,"minecraft:stick":1,"reliquary:squid_beak":3,"gravestone:obituary":7,"minecraft:moss_carpet":1,"minecraft:bowl":1,"minecraft:oak_planks":1,"sophisticatedbackpacks:backpack":1,"minecraft:big_dripleaf":2,"simplefarming:honeydew_seeds":1,"minecraft:slime_ball":1,"minecraft:wooden_pickaxe":2,"minecraft:black_wool":4},"minecraft:mined":{"minecraft:mossy_cobblestone":4,"gravestone:gravestone":5,"minecraft:cave_vines_plant":1,"minecraft:ladder":2,"minecraft:grass_block":4,"minecraft:spruce_leaves":8,"minecraft:moss_block":2,"minecraft:hay_block":31,"minecraft:furnace":3,"minecraft:iron_ore":5,"minecraft:andesite":34,"minecraft:pumpkin":6,"minecraft:vine":2,"minecraft:oak_stairs":1,"minecraft:stripped_oak_log":7,"minecraft:spruce_wood":1,"minecraft:stone":51,"simplefarming:fruit_log":1,"sophisticatedbackpacks:backpack":2,"minecraft:glass_pane":1,"minecraft:red_wool":1,"minecraft:red_bed":2,"minecraft:smoker":1,"minecraft:oak_fence":1,"minecraft:crafting_table":1,"minecraft:calcite":3,"denseores:dense_coal_ore":6,"minecraft:cobblestone":22,"minecraft:birch_wood":2,"minecraft:oak_planks":2,"minecraft:diorite":4,"minecraft:birch_log":19,"minecraft:stone_brick_stairs":1,"minecraft:grass":9,"minecraft:coal_ore":4,"minecraft:oak_log":11,"minecraft:gravel":1,"minecraft:dirt":1,"minecraft:oak_leaves":3,"minecraft:deepslate":32,"denseores:dense_iron_ore":4,"minecraft:suspicious_gravel":2},"minecraft:picked_up":{"simplefarming:pea_seeds":1,"minecraft:crafting_table":1,"minecraft:chicken":4,"minecraft:clay_ball":1,"minecraft:stone_brick_stairs":1,"minecraft:moss_carpet":3,"minecraft:string":4,"minecraft:red_bed":1,"minecraft:cobbled_deepslate":32,"minecraft:calcite":1,"minecraft:azalea":2,"minecraft:furnace":3,"minecraft:stick":3,"minecraft:raw_iron":20,"minecraft:big_dripleaf":4,"minecraft:oak_fence":1,"minecraft:bowl":1,"sophisticatedbackpacks:backpack":4,"simplyswords:iron_halberd":1,"minecraft:diorite":7,"minecraft:rotten_flesh":3,"minecraft:hay_block":31,"minecraft:glow_berries":3,"minecraft:mutton":5,"minecraft:cobblestone":76,"minecraft:white_wool":3,"minecraft:stripped_oak_log":6,"minecraft:birch_log":17,"minecraft:feather":4,"minecraft:andesite":34,"minecraft:leather":1,"minecraft:smoker":1,"reliquary:squid_beak":3,"minecraft:oak_log":11,"minecraft:gunpowder":2,"minecraft:dirt":4,"minecraft:cooked_mutton":2,"minecraft:stone_bricks":1,"minecraft:wheat_seeds":4,"simplefarming:honeydew_seeds":1,"minecraft:birch_wood":2,"minecraft:moss_block":2,"minecraft:oak_planks":2,"minecraft:red_wool":1,"minecraft:spruce_sapling":1,"minecraft:mossy_cobblestone":4,"minecraft:slime_ball":2,"minecraft:black_wool":2,"minecraft:coal":43},"minecraft:killed":{"minecraft:spider":2,"minecraft:slime":1,"minecraft:horse":2,"minecraft:chicken":4,"minecraft:creeper":1,"minecraft:sheep":3,"minecraft:zombie":2},"minecraft:killed_by":{"minecraft:player":1,"minecraft:spider":1,"minecraft:skeleton":3}},"DataVersion":3465}