{"stats":{"minecraft:custom":{"minecraft:interact_with_furnace":12,"minecraft:mob_kills":9,"minecraft:interact_with_crafting_table":17,"minecraft:open_barrel":2,"minecraft:leave_game":1,"minecraft:time_since_death":18960,"minecraft:sleep_in_bed":1,"minecraft:climb_one_cm":11500,"minecraft:time_since_rest":8961,"minecraft:damage_taken":1990,"minecraft:sprint_one_cm":52120,"minecraft:walk_one_cm":61977,"minecraft:drop":7,"minecraft:damage_dealt":1342,"minecraft:swim_one_cm":3195,"minecraft:fly_one_cm":466599,"minecraft:open_chest":14,"minecraft:crouch_one_cm":5286,"minecraft:play_time":40773,"minecraft:deaths":3,"minecraft:sneak_time":4370,"minecraft:walk_under_water_one_cm":1534,"minecraft:jump":454,"minecraft:interact_with_blast_furnace":9,"minecraft:walk_on_water_one_cm":1286,"minecraft:total_world_time":40773,"minecraft:fall_one_cm":37608},"minecraft:used":{"minecraft:stone_pickaxe":2,"minecraft:wooden_pickaxe":10,"supplementaries:sconce":1,"minecraft:glow_berries":7,"minecraft:crafting_table":1,"minecraft:carrot":2,"simplyswords:iron_halberd":16,"sophisticatedbackpacks:backpack":3,"simplefarming:candy_cane":1,"minecraft:stone_axe":3,"azurepaxels:wooden_paxel":8,"azurepaxels:stone_paxel":57},"minecraft:crafted":{"minecraft:stone_shovel":1,"sophisticatedbackpacks:backpack":1,"minecraft:crafting_table":1,"minecraft:iron_nugget":9,"minecraft:wooden_pickaxe":1,"simplyswords:iron_halberd":1,"minecraft:birch_planks":44,"minecraft:stone_axe":2,"minecraft:air":0,"azurepaxels:stone_paxel":1,"minecraft:leather":5,"minecraft:stick":16,"minecraft:iron_ingot":12,"minecraft:stone_pickaxe":2,"minecraft:chest":1},"minecraft:dropped":{"sophisticatedbackpacks:backpack":1,"simplyswords:iron_halberd":1,"minecraft:stick":1,"minecraft:big_dripleaf":2,"gravestone:obituary":2,"minecraft:wooden_pickaxe":1},"minecraft:mined":{"minecraft:red_wool":1,"gravestone:gravestone":3,"minecraft:grass_block":2,"minecraft:calcite":3,"minecraft:birch_wood":2,"minecraft:moss_block":2,"minecraft:diorite":4,"minecraft:birch_log":12,"minecraft:stone_brick_stairs":1,"minecraft:grass":1,"minecraft:coal_ore":2,"minecraft:dirt":1,"minecraft:stone":48,"sophisticatedbackpacks:backpack":1},"minecraft:picked_up":{"minecraft:birch_log":12,"simplefarming:pea_seeds":1,"minecraft:feather":3,"minecraft:chicken":2,"minecraft:clay_ball":1,"minecraft:leather":1,"minecraft:stone_brick_stairs":1,"minecraft:gunpowder":2,"minecraft:dirt":3,"minecraft:stone_bricks":1,"minecraft:birch_wood":2,"minecraft:calcite":1,"minecraft:azalea":2,"minecraft:moss_block":2,"minecraft:stick":1,"minecraft:big_dripleaf":4,"minecraft:red_wool":1,"sophisticatedbackpacks:backpack":3,"simplyswords:iron_halberd":1,"minecraft:diorite":7,"minecraft:rotten_flesh":2,"minecraft:glow_berries":2,"minecraft:mutton":5,"minecraft:coal":2,"minecraft:white_wool":3,"minecraft:cobblestone":57},"minecraft:killed":{"minecraft:creeper":1,"minecraft:horse":2,"minecraft:sheep":3,"minecraft:zombie":1,"minecraft:chicken":2},"minecraft:killed_by":{"minecraft:player":1,"minecraft:spider":1}},"DataVersion":3465}