{"stats":{"minecraft:custom":{"minecraft:interact_with_furnace":23,"minecraft:mob_kills":14,"minecraft:interact_with_crafting_table":28,"minecraft:open_barrel":4,"minecraft:leave_game":1,"minecraft:time_since_death":33281,"minecraft:sleep_in_bed":4,"minecraft:climb_one_cm":22441,"minecraft:damage_absorbed":40,"minecraft:waystone_activated":3,"minecraft:time_since_rest":906,"minecraft:damage_taken":4579,"minecraft:sprint_one_cm":203658,"minecraft:walk_one_cm":158479,"minecraft:drop":23,"minecraft:damage_dealt":1756,"minecraft:talked_to_villager":3,"minecraft:swim_one_cm":4115,"minecraft:fly_one_cm":1340510,"minecraft:open_chest":34,"minecraft:crouch_one_cm":12859,"minecraft:play_time":100773,"minecraft:deaths":9,"minecraft:sneak_time":12221,"minecraft:walk_under_water_one_cm":15100,"minecraft:jump":1462,"minecraft:interact_with_blast_furnace":9,"minecraft:walk_on_water_one_cm":8022,"minecraft:total_world_time":100773,"minecraft:fall_one_cm":115002},"minecraft:used":{"minecraft:stone_pickaxe":9,"minecraft:wooden_pickaxe":20,"minecraft:cooked_chicken":3,"supplementaries:sconce":3,"simplyswords:gold_greathammer":2,"minecraft:golden_apple":1,"minecraft:glow_berries":9,"minecraft:dirt":1,"minecraft:crafting_table":4,"minecraft:red_bed":1,"simplefarming:candy":1,"minecraft:carrot":2,"simplyswords:iron_halberd":20,"simplefarming:borscht":1,"sophisticatedbackpacks:backpack":4,"simplefarming:candy_cane":1,"minecraft:bread":11,"minecraft:chicken":1,"minecraft:brown_wool":2,"minecraft:stone_axe":3,"simplefarming:apple_pie":3,"minecraft:written_book":4,"minecraft:furnace":2,"minecraft:andesite":3,"azurepaxels:wooden_paxel":8,"minecraft:brown_bed":1,"azurepaxels:stone_paxel":146},"minecraft:crafted":{"minecraft:oak_planks":12,"minecraft:stone_shovel":2,"sophisticatedbackpacks:backpack":1,"minecraft:crafting_table":4,"minecraft:iron_nugget":9,"minecraft:wooden_pickaxe":2,"minecraft:cooked_chicken":3,"simplyswords:iron_halberd":1,"minecraft:furnace":2,"minecraft:brown_bed":1,"minecraft:birch_planks":64,"minecraft:stone_axe":3,"minecraft:bread":17,"minecraft:cooked_mutton":3,"minecraft:air":0,"azurepaxels:stone_paxel":2,"minecraft:leather":6,"minecraft:stick":32,"minecraft:iron_ingot":12,"minecraft:stone_pickaxe":3,"minecraft:chest":1,"minecraft:torch":8,"minecraft:wheat":45},"minecraft:dropped":{"minecraft:moss_carpet":1,"minecraft:bowl":1,"minecraft:feather":1,"minecraft:cobblestone":3,"sophisticatedbackpacks:backpack":1,"simplyswords:iron_halberd":1,"simplefarming:ginger":4,"industrialforegoing:pink_slime":2,"minecraft:stick":1,"minecraft:big_dripleaf":2,"simplefarming:honeydew_seeds":1,"reliquary:squid_beak":3,"gravestone:obituary":7,"minecraft:slime_ball":1,"minecraft:wooden_pickaxe":2,"minecraft:black_wool":2},"minecraft:mined":{"minecraft:glass_pane":1,"minecraft:red_bed":2,"minecraft:red_wool":1,"minecraft:mossy_cobblestone":4,"minecraft:ladder":2,"minecraft:cave_vines_plant":1,"minecraft:crafting_table":1,"gravestone:gravestone":5,"minecraft:grass_block":3,"minecraft:calcite":3,"minecraft:cobblestone":1,"denseores:dense_coal_ore":6,"minecraft:birch_wood":2,"minecraft:oak_planks":1,"minecraft:moss_block":2,"minecraft:diorite":4,"minecraft:hay_block":5,"minecraft:furnace":2,"minecraft:birch_log":19,"minecraft:iron_ore":5,"minecraft:andesite":34,"minecraft:stone_brick_stairs":1,"minecraft:grass":8,"minecraft:oak_log":3,"minecraft:coal_ore":4,"minecraft:vine":2,"minecraft:oak_stairs":1,"minecraft:dirt":1,"minecraft:stripped_oak_log":1,"minecraft:stone":51,"simplefarming:fruit_log":1,"sophisticatedbackpacks:backpack":2,"denseores:dense_iron_ore":4,"minecraft:deepslate":32},"minecraft:picked_up":{"minecraft:birch_log":17,"minecraft:crafting_table":1,"simplefarming:pea_seeds":1,"minecraft:feather":4,"minecraft:chicken":4,"minecraft:clay_ball":1,"minecraft:andesite":34,"minecraft:leather":1,"reliquary:squid_beak":3,"minecraft:stone_brick_stairs":1,"minecraft:oak_log":3,"minecraft:gunpowder":2,"minecraft:string":3,"minecraft:red_bed":1,"minecraft:moss_carpet":3,"minecraft:dirt":4,"minecraft:cooked_mutton":2,"minecraft:stone_bricks":1,"minecraft:wheat_seeds":4,"minecraft:cobbled_deepslate":32,"simplefarming:honeydew_seeds":1,"minecraft:birch_wood":2,"minecraft:calcite":1,"minecraft:azalea":2,"minecraft:moss_block":2,"minecraft:furnace":2,"minecraft:stick":1,"minecraft:raw_iron":20,"minecraft:big_dripleaf":4,"minecraft:red_wool":1,"sophisticatedbackpacks:backpack":4,"simplyswords:iron_halberd":1,"minecraft:diorite":7,"minecraft:mossy_cobblestone":4,"minecraft:rotten_flesh":3,"minecraft:slime_ball":2,"minecraft:hay_block":5,"minecraft:glow_berries":3,"minecraft:mutton":5,"minecraft:coal":43,"minecraft:white_wool":3,"minecraft:cobblestone":60},"minecraft:killed":{"minecraft:spider":1,"minecraft:slime":1,"minecraft:creeper":1,"minecraft:horse":2,"minecraft:sheep":3,"minecraft:zombie":2,"minecraft:chicken":4},"minecraft:killed_by":{"minecraft:player":1,"minecraft:skeleton":3,"minecraft:spider":1}},"DataVersion":3465}