{"stats":{"minecraft:custom":{"minecraft:time_since_rest":4987,"minecraft:crouch_one_cm":158,"minecraft:play_time":4987,"minecraft:sprint_one_cm":19505,"minecraft:damage_taken":80,"minecraft:walk_one_cm":9173,"minecraft:sneak_time":26,"minecraft:mob_kills":1,"minecraft:jump":112,"minecraft:damage_dealt":361,"minecraft:walk_on_water_one_cm":247,"minecraft:time_since_death":4987,"minecraft:total_world_time":4987,"minecraft:interact_with_crafting_table":5,"minecraft:fly_one_cm":36133,"minecraft:fall_one_cm":687},"minecraft:used":{"minecraft:crafting_table":1,"minecraft:carrot":1,"azurepaxels:wooden_paxel":48},"minecraft:crafted":{"minecraft:wooden_sword":1,"azurepaxels:wooden_paxel":1,"minecraft:wooden_shovel":1,"minecraft:crafting_table":1,"minecraft:spruce_planks":104,"minecraft:stick":12,"minecraft:wooden_pickaxe":1,"minecraft:wooden_axe":1},"minecraft:mined":{"minecraft:grass_block":4,"minecraft:dirt_path":1,"minecraft:dirt":2,"minecraft:snow":3,"minecraft:spruce_leaves":5,"minecraft:spruce_log":26,"minecraft:crafting_table":1},"minecraft:picked_up":{"minecraft:crafting_table":1,"minecraft:spruce_log":26,"minecraft:snowball":2,"minecraft:dirt":2},"minecraft:killed":{"minecraft:zombie":1}},"DataVersion":3465}