{"stats":{"minecraft:custom":{"minecraft:time_since_rest":7339,"minecraft:sprint_one_cm":42599,"minecraft:damage_taken":640,"minecraft:walk_one_cm":33546,"minecraft:mob_kills":2,"minecraft:drop":1,"minecraft:damage_dealt":561,"minecraft:swim_one_cm":32,"minecraft:interact_with_crafting_table":11,"minecraft:fly_one_cm":365060,"minecraft:open_chest":2,"minecraft:crouch_one_cm":286,"minecraft:play_time":16651,"minecraft:deaths":2,"minecraft:sneak_time":66,"minecraft:walk_under_water_one_cm":47,"minecraft:jump":307,"minecraft:time_since_death":7310,"minecraft:walk_on_water_one_cm":1805,"minecraft:climb_one_cm":2915,"minecraft:total_world_time":16651,"minecraft:fall_one_cm":16451},"minecraft:used":{"minecraft:oak_trapdoor":3,"minecraft:chest":1,"supplementaries:sconce":5,"minecraft:oak_door":1,"minecraft:crafting_table":2,"minecraft:carrot":1,"minecraft:andesite":4,"azurepaxels:wooden_paxel":166,"azurepaxels:stone_paxel":57},"minecraft:crafted":{"azurepaxels:stone_paxel":1,"minecraft:wooden_sword":1,"minecraft:oak_door":3,"minecraft:oak_planks":52,"minecraft:wooden_shovel":2,"minecraft:stone_shovel":1,"minecraft:crafting_table":2,"minecraft:spruce_planks":104,"minecraft:stick":28,"minecraft:stone_pickaxe":1,"minecraft:wooden_pickaxe":2,"minecraft:wooden_axe":2,"minecraft:chest":1,"azurepaxels:wooden_paxel":2,"minecraft:stone_axe":1,"minecraft:oak_trapdoor":4},"minecraft:dropped":{"gravestone:obituary":1},"minecraft:broken":{"azurepaxels:wooden_paxel":2},"minecraft:mined":{"minecraft:snow":3,"minecraft:spruce_log":26,"minecraft:andesite":38,"minecraft:crafting_table":1,"minecraft:grass":4,"minecraft:coal_ore":55,"minecraft:grass_block":6,"minecraft:oak_log":13,"minecraft:dirt_path":1,"minecraft:dirt":4,"minecraft:bamboo_sapling":1,"minecraft:tall_grass":2,"supplementaries:sconce_wall":1,"minecraft:spruce_leaves":5,"minecraft:stone":55,"minecraft:moss_block":2,"minecraft:diorite":1,"minecraft:oak_leaves":8},"minecraft:picked_up":{"minecraft:stick":1,"minecraft:crafting_table":1,"minecraft:allium":1,"minecraft:andesite":38,"minecraft:oak_log":13,"simplefarming:onion_seeds":1,"gravestone:obituary":1,"minecraft:diorite":2,"minecraft:spruce_log":26,"minecraft:dirt":8,"minecraft:moss_carpet":2,"minecraft:wheat_seeds":3,"supplementaries:sconce":1,"minecraft:bamboo":1,"minecraft:beef":1,"minecraft:azalea":1,"minecraft:moss_block":6,"minecraft:glow_berries":1,"simplefarming:cotton_seeds":1,"simplefarming:spinach_seeds":1,"minecraft:coal":55,"minecraft:snowball":2,"minecraft:cobblestone":55,"minecraft:birch_log":2},"minecraft:killed":{"minecraft:zombie":1,"minecraft:cow":1}},"DataVersion":3465}