{"stats":{"minecraft:custom":{"minecraft:mob_kills":20,"minecraft:interact_with_crafting_table":27,"minecraft:open_barrel":2,"minecraft:time_since_death":10830,"minecraft:climb_one_cm":22075,"minecraft:sprint_one_cm":152155,"minecraft:walk_one_cm":107559,"minecraft:drop":5,"minecraft:play_time":52651,"minecraft:deaths":3,"minecraft:sneak_time":1300,"minecraft:walk_under_water_one_cm":47,"minecraft:jump":963,"minecraft:interact_with_blast_furnace":6,"minecraft:walk_on_water_one_cm":2334,"minecraft:total_world_time":52651,"minecraft:interact_with_furnace":18,"minecraft:time_since_rest":10862,"minecraft:waystone_activated":1,"minecraft:damage_taken":1553,"minecraft:damage_absorbed":40,"minecraft:damage_dealt":3761,"minecraft:swim_one_cm":32,"minecraft:fly_one_cm":510468,"minecraft:player_kills":1,"minecraft:open_chest":27,"minecraft:crouch_one_cm":3505,"minecraft:fall_one_cm":35112},"minecraft:crafted":{"minecraft:wooden_sword":1,"minecraft:oak_door":3,"minecraft:oak_planks":52,"minecraft:smooth_stone":3,"minecraft:stone_shovel":2,"minecraft:furnace":3,"minecraft:blast_furnace":1,"azurepaxels:wooden_paxel":2,"minecraft:stone":3,"minecraft:oak_trapdoor":4,"minecraft:iron_boots":1,"azurepaxels:iron_paxel":1,"minecraft:iron_axe":1,"minecraft:stone_pickaxe":2,"minecraft:chest":2,"minecraft:cooked_beef":1,"minecraft:wooden_shovel":2,"sophisticatedbackpacks:backpack":1,"minecraft:crafting_table":2,"minecraft:spruce_planks":104,"minecraft:wooden_pickaxe":2,"minecraft:iron_helmet":1,"minecraft:birch_planks":24,"minecraft:stone_axe":2,"minecraft:air":0,"azurepaxels:stone_paxel":2,"minecraft:stick":60,"minecraft:iron_pickaxe":2,"minecraft:iron_ingot":33,"minecraft:wooden_axe":2,"minecraft:iron_shovel":1,"minecraft:iron_leggings":1,"minecraft:torch":16},"minecraft:used":{"minecraft:oak_trapdoor":3,"immersive_armors:steampunk_chestplate":1,"minecraft:chest":2,"simplefarming:cheeseburger":4,"minecraft:iron_sword":1,"azurepaxels:iron_paxel":42,"supplementaries:sconce":9,"immersive_armors:bone_chestplate":1,"minecraft:oak_door":1,"minecraft:torch":17,"minecraft:carrot":1,"minecraft:furnace":2,"minecraft:cooked_beef":1,"simplyswords:soulpyre":22,"azurepaxels:stone_paxel":261,"minecraft:birch_planks":20,"minecraft:golden_apple":1,"minecraft:crafting_table":2,"minecraft:blast_furnace":1,"minecraft:white_bed":1,"simplyswords:watcher_claymore":13,"sophisticatedbackpacks:backpack":1,"minecraft:black_wool":8,"minecraft:bread":1,"minecraft:cobblestone":14,"minecraft:andesite":9,"azurepaxels:wooden_paxel":166,"minecraft:experience_bottle":1},"minecraft:broken":{"azurepaxels:stone_paxel":2,"azurepaxels:wooden_paxel":2},"minecraft:dropped":{"minecraft:cobblestone":32,"gravestone:obituary":1,"minecraft:lever":1,"sophisticatedbackpacks:backpack":2},"minecraft:mined":{"minecraft:dark_oak_planks":2,"minecraft:white_bed":1,"minecraft:mossy_cobblestone":1,"minecraft:dark_oak_log":2,"minecraft:ladder":1,"gravestone:gravestone":1,"minecraft:granite":3,"minecraft:grass_block":9,"minecraft:redstone_wire":1,"minecraft:spruce_leaves":5,"minecraft:moss_block":4,"supplementaries:sconce_wall":1,"minecraft:chiseled_stone_bricks":1,"minecraft:iron_ore":31,"minecraft:snow":3,"minecraft:andesite":38,"minecraft:dirt_path":1,"minecraft:bamboo_sapling":1,"minecraft:bamboo":1,"minecraft:stone":168,"sophisticatedbackpacks:backpack":2,"minecraft:white_wool":2,"minecraft:tripwire":3,"minecraft:crafting_table":1,"minecraft:chest":1,"minecraft:tall_grass":2,"minecraft:cobblestone":2,"minecraft:birch_wood":1,"minecraft:diorite":16,"minecraft:spruce_log":26,"minecraft:stone_brick_stairs":1,"minecraft:grass":4,"minecraft:black_wool":16,"minecraft:coal_ore":88,"minecraft:oak_log":13,"minecraft:gravel":8,"minecraft:dirt":4,"minecraft:stone_bricks":1,"minecraft:oak_leaves":8,"denseores:dense_iron_ore":7},"minecraft:picked_up":{"minecraft:crafting_table":1,"minecraft:allium":1,"minecraft:ladder":2,"minecraft:stone_brick_stairs":1,"gravestone:obituary":2,"minecraft:moss_carpet":2,"minecraft:beef":1,"grapplemod:grapplinghook":1,"minecraft:azalea":1,"minecraft:chest":1,"simplefarming:spinach_seeds":1,"minecraft:stick":1,"minecraft:raw_iron":53,"minecraft:torch":1,"sophisticatedbackpacks:backpack":3,"simplefarming:onion_seeds":1,"minecraft:diorite":17,"minecraft:redstone":1,"minecraft:arrow":5,"minecraft:rotten_flesh":2,"supplementaries:sconce":1,"minecraft:totem_of_undying":2,"minecraft:glow_berries":3,"minecraft:snowball":2,"minecraft:white_wool":2,"minecraft:cobblestone":185,"minecraft:birch_log":2,"enderio:loot_capacitor":1,"minecraft:andesite":38,"artifacts:anglers_hat":1,"minecraft:birch_planks":1,"minecraft:flint":1,"minecraft:oak_log":13,"minecraft:dirt":11,"minecraft:wheat_seeds":3,"minecraft:birch_wood":1,"artifacts:kitty_slippers":1,"minecraft:bamboo":2,"minecraft:moss_block":8,"minecraft:chiseled_stone_bricks":1,"minecraft:gravel":7,"minecraft:white_bed":1,"minecraft:spruce_log":26,"minecraft:dark_oak_log":2,"minecraft:mossy_cobblestone":1,"minecraft:lever":1,"minecraft:granite":3,"minecraft:emerald":2,"minecraft:black_wool":16,"simplefarming:cotton_seeds":1,"minecraft:coal":82,"azurepaxels:wooden_paxel":1},"minecraft:killed":{"minecraft:evoker":2,"minecraft:vex":4,"minecraft:spider":1,"minecraft:vindicator":5,"minecraft:creeper":1,"minecraft:pillager":2,"minecraft:zombie":4,"minecraft:cow":1}},"DataVersion":3465}