{"stats":{"minecraft:custom":{"minecraft:interact_with_furnace":9,"minecraft:mob_kills":2,"minecraft:interact_with_crafting_table":21,"minecraft:open_barrel":2,"minecraft:time_since_death":19310,"minecraft:climb_one_cm":3657,"minecraft:time_since_rest":19339,"minecraft:sprint_one_cm":67267,"minecraft:damage_taken":650,"minecraft:walk_one_cm":63437,"minecraft:drop":2,"minecraft:damage_dealt":561,"minecraft:swim_one_cm":32,"minecraft:fly_one_cm":389977,"minecraft:open_chest":6,"minecraft:crouch_one_cm":1906,"minecraft:play_time":28651,"minecraft:deaths":2,"minecraft:sneak_time":549,"minecraft:walk_under_water_one_cm":47,"minecraft:jump":532,"minecraft:walk_on_water_one_cm":2142,"minecraft:total_world_time":28651,"minecraft:fall_one_cm":19295},"minecraft:used":{"minecraft:oak_trapdoor":3,"minecraft:chest":2,"supplementaries:sconce":6,"minecraft:oak_door":1,"minecraft:torch":17,"minecraft:crafting_table":2,"minecraft:carrot":1,"minecraft:white_bed":1,"minecraft:furnace":2,"minecraft:andesite":9,"azurepaxels:wooden_paxel":166,"minecraft:cooked_beef":1,"azurepaxels:stone_paxel":261},"minecraft:crafted":{"minecraft:cooked_beef":1,"minecraft:wooden_sword":1,"minecraft:oak_door":3,"minecraft:oak_planks":52,"minecraft:wooden_shovel":2,"minecraft:stone_shovel":2,"sophisticatedbackpacks:backpack":1,"minecraft:crafting_table":2,"minecraft:spruce_planks":104,"minecraft:wooden_pickaxe":2,"minecraft:furnace":3,"azurepaxels:wooden_paxel":2,"minecraft:birch_planks":20,"minecraft:stone_axe":2,"minecraft:air":0,"minecraft:oak_trapdoor":4,"azurepaxels:stone_paxel":2,"minecraft:stick":48,"minecraft:iron_ingot":3,"minecraft:stone_pickaxe":2,"minecraft:wooden_axe":2,"minecraft:chest":2,"minecraft:torch":16},"minecraft:broken":{"azurepaxels:stone_paxel":2,"azurepaxels:wooden_paxel":2},"minecraft:dropped":{"minecraft:cobblestone":32,"gravestone:obituary":1},"minecraft:mined":{"minecraft:white_bed":1,"minecraft:crafting_table":1,"minecraft:granite":3,"minecraft:grass_block":8,"minecraft:chest":1,"minecraft:tall_grass":2,"minecraft:spruce_leaves":5,"minecraft:moss_block":4,"minecraft:diorite":16,"supplementaries:sconce_wall":1,"minecraft:iron_ore":23,"minecraft:snow":3,"minecraft:spruce_log":26,"minecraft:andesite":38,"minecraft:grass":4,"minecraft:oak_log":13,"minecraft:coal_ore":88,"minecraft:dirt_path":1,"minecraft:gravel":8,"minecraft:dirt":4,"minecraft:bamboo_sapling":1,"minecraft:bamboo":1,"minecraft:stone":163,"minecraft:oak_leaves":8,"denseores:dense_iron_ore":7},"minecraft:picked_up":{"minecraft:birch_log":2,"minecraft:crafting_table":1,"minecraft:allium":1,"minecraft:andesite":38,"minecraft:flint":1,"minecraft:oak_log":13,"gravestone:obituary":1,"minecraft:dirt":10,"minecraft:moss_carpet":2,"minecraft:wheat_seeds":3,"minecraft:beef":1,"minecraft:azalea":1,"minecraft:bamboo":2,"minecraft:chest":1,"minecraft:moss_block":8,"simplefarming:spinach_seeds":1,"minecraft:stick":1,"minecraft:raw_iron":45,"minecraft:torch":1,"minecraft:gravel":7,"simplefarming:onion_seeds":1,"minecraft:diorite":17,"minecraft:white_bed":1,"minecraft:spruce_log":26,"supplementaries:sconce":1,"minecraft:granite":3,"simplefarming:cotton_seeds":1,"minecraft:glow_berries":3,"minecraft:coal":82,"minecraft:snowball":2,"minecraft:cobblestone":179},"minecraft:killed":{"minecraft:zombie":1,"minecraft:cow":1}},"DataVersion":3465}