{"stats":{"minecraft:custom":{"minecraft:mob_kills":43,"minecraft:interact_with_crafting_table":32,"minecraft:open_barrel":2,"minecraft:time_since_death":34830,"minecraft:climb_one_cm":25167,"minecraft:sprint_one_cm":270025,"minecraft:walk_one_cm":151240,"minecraft:drop":24,"minecraft:play_time":76651,"minecraft:deaths":3,"minecraft:sneak_time":1889,"minecraft:walk_under_water_one_cm":47,"minecraft:jump":1541,"minecraft:interact_with_blast_furnace":6,"minecraft:walk_on_water_one_cm":3080,"minecraft:total_world_time":76651,"minecraft:interact_with_furnace":18,"minecraft:time_since_rest":34862,"minecraft:waystone_activated":1,"minecraft:damage_taken":1806,"minecraft:damage_absorbed":40,"minecraft:damage_dealt":8551,"minecraft:swim_one_cm":32,"minecraft:fly_one_cm":730097,"minecraft:player_kills":1,"minecraft:open_chest":31,"minecraft:crouch_one_cm":4598,"minecraft:aviate_one_cm":14303,"minecraft:fall_one_cm":57226},"minecraft:crafted":{"minecraft:wooden_sword":1,"minecraft:oak_door":3,"minecraft:oak_planks":52,"minecraft:smooth_stone":3,"minecraft:stone_shovel":2,"minecraft:furnace":3,"minecraft:blast_furnace":1,"azurepaxels:wooden_paxel":2,"minecraft:stone":3,"minecraft:oak_trapdoor":4,"minecraft:iron_boots":1,"azurepaxels:iron_paxel":1,"minecraft:iron_axe":1,"minecraft:stone_pickaxe":2,"minecraft:chest":2,"minecraft:wheat":109,"minecraft:cooked_beef":1,"minecraft:wooden_shovel":2,"sophisticatedbackpacks:backpack":1,"minecraft:crafting_table":4,"minecraft:spruce_planks":104,"minecraft:wooden_pickaxe":2,"minecraft:iron_helmet":1,"minecraft:birch_planks":24,"minecraft:stone_axe":2,"minecraft:bread":39,"minecraft:air":0,"azurepaxels:stone_paxel":2,"minecraft:stick":60,"minecraft:iron_pickaxe":2,"minecraft:iron_ingot":33,"minecraft:wooden_axe":2,"minecraft:iron_shovel":1,"minecraft:iron_leggings":1,"minecraft:torch":16},"minecraft:used":{"minecraft:oak_trapdoor":3,"immersive_armors:steampunk_chestplate":1,"minecraft:chest":2,"simplefarming:cheeseburger":4,"minecraft:iron_sword":1,"azurepaxels:iron_paxel":147,"supplementaries:sconce":9,"immersive_armors:bone_chestplate":1,"minecraft:oak_door":1,"minecraft:torch":17,"minecraft:carrot":1,"simplefarming:fruit_salad":1,"minecraft:furnace":2,"minecraft:cooked_beef":1,"simplyswords:soulpyre":65,"azurepaxels:stone_paxel":261,"minecraft:birch_planks":20,"simplefarming:strawberries":4,"minecraft:golden_apple":1,"minecraft:crafting_table":5,"minecraft:blast_furnace":1,"simplefarming:blackberries":6,"minecraft:white_bed":1,"simplyswords:watcher_claymore":13,"sophisticatedbackpacks:backpack":1,"minecraft:black_wool":8,"minecraft:bread":8,"minecraft:iron_pickaxe":2,"minecraft:cobblestone":14,"minecraft:andesite":9,"azurepaxels:wooden_paxel":166,"minecraft:experience_bottle":1},"minecraft:broken":{"azurepaxels:stone_paxel":2,"azurepaxels:wooden_paxel":2},"minecraft:dropped":{"minecraft:birch_planks":1,"minecraft:cobblestone":32,"minecraft:yellow_carpet":6,"minecraft:iron_door":1,"minecraft:lime_carpet":16,"gravestone:obituary":2,"minecraft:dark_oak_planks":5,"minecraft:blue_carpet":2,"ftbquests:book":1,"minecraft:lever":1,"minecraft:bowl":1,"minecraft:wheat":27,"minecraft:white_carpet":1,"minecraft:rotten_flesh":13,"sophisticatedbackpacks:backpack":2,"minecraft:pumpkin_seeds":1,"minecraft:andesite":1,"minecraft:stone_brick_stairs":2},"minecraft:mined":{"minecraft:dark_oak_planks":7,"minecraft:blue_carpet":8,"minecraft:white_bed":1,"minecraft:mossy_cobblestone":1,"minecraft:cobblestone_stairs":1,"minecraft:dark_oak_log":2,"minecraft:ladder":1,"gravestone:gravestone":1,"minecraft:granite":3,"minecraft:grass_block":9,"minecraft:yellow_carpet":3,"minecraft:redstone_wire":1,"minecraft:spruce_leaves":5,"minecraft:moss_block":4,"supplementaries:sconce_wall":1,"minecraft:chiseled_stone_bricks":1,"minecraft:hay_block":13,"minecraft:iron_ore":31,"minecraft:snow":3,"minecraft:andesite":39,"minecraft:bookshelf":41,"minecraft:dirt_path":1,"minecraft:bamboo_sapling":1,"minecraft:bamboo":1,"minecraft:stone":168,"sophisticatedbackpacks:backpack":2,"minecraft:white_wool":2,"minecraft:tripwire":3,"minecraft:podzol":2,"minecraft:brown_carpet":1,"minecraft:crafting_table":4,"minecraft:chest":1,"minecraft:lime_carpet":13,"minecraft:tall_grass":2,"minecraft:cobblestone":3,"minecraft:birch_wood":1,"minecraft:oak_planks":4,"minecraft:diorite":16,"minecraft:iron_door":1,"minecraft:birch_planks":5,"minecraft:coarse_dirt":1,"minecraft:white_carpet":1,"minecraft:spruce_log":26,"minecraft:light_gray_wool":10,"minecraft:stone_brick_stairs":3,"minecraft:grass":5,"minecraft:black_wool":24,"minecraft:coal_ore":88,"minecraft:oak_log":13,"minecraft:gravel":8,"minecraft:dirt":4,"minecraft:cracked_stone_bricks":1,"minecraft:stone_bricks":2,"minecraft:oak_leaves":8,"denseores:dense_iron_ore":7},"minecraft:picked_up":{"minecraft:wheat":35,"minecraft:crafting_table":4,"minecraft:allium":1,"minecraft:ladder":2,"minecraft:stone_brick_stairs":3,"gravestone:obituary":2,"minecraft:string":1,"minecraft:moss_carpet":2,"minecraft:white_carpet":1,"minecraft:beef":1,"grapplemod:grapplinghook":1,"minecraft:azalea":1,"minecraft:chest":1,"simplefarming:spinach_seeds":1,"minecraft:stick":1,"minecraft:raw_iron":53,"minecraft:torch":1,"sophisticatedbackpacks:backpack":3,"simplefarming:onion_seeds":1,"minecraft:diorite":17,"minecraft:redstone":1,"minecraft:blue_carpet":2,"minecraft:dark_oak_planks":5,"minecraft:lime_carpet":16,"minecraft:arrow":9,"minecraft:rotten_flesh":24,"supplementaries:sconce":1,"simplefarming:strawberries":4,"minecraft:hay_block":13,"minecraft:totem_of_undying":2,"minecraft:glow_berries":3,"minecraft:snowball":2,"minecraft:white_wool":2,"minecraft:cobblestone":185,"minecraft:birch_log":2,"enderio:loot_capacitor":1,"minecraft:iron_door":1,"minecraft:andesite":40,"artifacts:anglers_hat":1,"minecraft:birch_planks":6,"minecraft:flint":1,"minecraft:oak_log":13,"minecraft:gunpowder":1,"minecraft:dirt":11,"minecraft:wheat_seeds":3,"ftbquests:book":1,"minecraft:birch_wood":1,"artifacts:kitty_slippers":1,"minecraft:bamboo":2,"minecraft:moss_block":8,"minecraft:oak_planks":1,"minecraft:book":110,"minecraft:chiseled_stone_bricks":1,"minecraft:gravel":7,"minecraft:white_bed":1,"minecraft:spruce_log":26,"simplefarming:blackberries":6,"minecraft:dark_oak_log":2,"minecraft:mossy_cobblestone":1,"immersive_armors:bone_boots":1,"minecraft:yellow_carpet":6,"minecraft:lever":1,"minecraft:granite":3,"minecraft:emerald":2,"minecraft:black_wool":24,"simplefarming:cotton_seeds":1,"minecraft:coal":82,"azurepaxels:wooden_paxel":1},"minecraft:killed":{"minecraft:evoker":2,"minecraft:vex":4,"minecraft:spider":4,"minecraft:vindicator":6,"minecraft:skeleton":5,"minecraft:zombie_villager":1,"minecraft:creeper":4,"minecraft:sheep":1,"minecraft:pillager":2,"minecraft:zombie":13,"minecraft:cow":1}},"DataVersion":3465}