{"stats":{"minecraft:custom":{"minecraft:interact_with_smithing_table":2,"minecraft:interact_with_anvil":2,"minecraft:mob_kills":82,"minecraft:interact_with_crafting_table":49,"minecraft:open_barrel":2,"minecraft:leave_game":1,"minecraft:time_since_death":125149,"minecraft:climb_one_cm":37995,"minecraft:sprint_one_cm":601516,"minecraft:walk_one_cm":301124,"minecraft:drop":53,"minecraft:talked_to_villager":2,"minecraft:play_time":166970,"minecraft:deaths":3,"minecraft:sneak_time":5451,"minecraft:walk_under_water_one_cm":1122,"minecraft:interact_with_brewingstand":1,"minecraft:jump":3632,"minecraft:interact_with_blast_furnace":6,"minecraft:walk_on_water_one_cm":4618,"minecraft:total_world_time":166970,"minecraft:interact_with_furnace":28,"minecraft:sleep_in_bed":10,"minecraft:time_since_rest":3474,"minecraft:waystone_activated":4,"minecraft:damage_taken":3193,"minecraft:damage_absorbed":40,"minecraft:trigger_trapped_chest":4,"minecraft:damage_dealt":19166,"minecraft:swim_one_cm":788,"minecraft:fly_one_cm":1456616,"minecraft:player_kills":1,"minecraft:open_chest":78,"minecraft:crouch_one_cm":10515,"minecraft:aviate_one_cm":284621,"minecraft:interact_with_smoker":7,"minecraft:fall_one_cm":123193,"minecraft:inspect_dispenser":2},"minecraft:crafted":{"minecraft:wooden_sword":1,"minecraft:oak_door":3,"minecraft:oak_planks":76,"minecraft:smooth_stone":3,"minecraft:stone_shovel":2,"minecraft:furnace":6,"minecraft:blast_furnace":1,"azurepaxels:wooden_paxel":2,"minecraft:stone":3,"simplyswords:iron_longsword":1,"minecraft:oak_trapdoor":4,"minecraft:leather":23,"minecraft:iron_boots":1,"azurepaxels:iron_paxel":1,"minecraft:iron_axe":1,"minecraft:stone_pickaxe":2,"minecraft:chest":4,"minecraft:dark_oak_planks":8,"minecraft:smoker":1,"minecraft:wheat":109,"minecraft:cooked_beef":1,"minecraft:wooden_shovel":2,"sophisticatedbackpacks:backpack":1,"minecraft:crafting_table":5,"minecraft:spruce_planks":104,"minecraft:wooden_pickaxe":2,"minecraft:iron_helmet":1,"minecraft:birch_planks":24,"minecraft:stone_axe":2,"minecraft:bread":39,"minecraft:air":0,"azurepaxels:stone_paxel":2,"minecraft:stick":64,"minecraft:iron_pickaxe":2,"minecraft:iron_ingot":33,"minecraft:wooden_axe":2,"minecraft:black_bed":1,"minecraft:iron_shovel":1,"minecraft:iron_leggings":1,"minecraft:torch":24},"minecraft:used":{"minecraft:oak_trapdoor":3,"immersive_armors:steampunk_chestplate":1,"minecraft:chest":8,"simplefarming:cheeseburger":4,"minecraft:iron_sword":1,"azurepaxels:iron_paxel":251,"supplementaries:sconce":9,"immersive_armors:bone_chestplate":1,"minecraft:oak_door":1,"minecraft:torch":25,"minecraft:carrot":1,"simplefarming:fruit_salad":1,"minecraft:furnace":6,"simplefarming:eggplant_parmesan":5,"minecraft:cooked_beef":1,"simplyswords:soulpyre":162,"azurepaxels:stone_paxel":261,"minecraft:birch_planks":20,"simplefarming:strawberries":4,"minecraft:golden_apple":1,"minecraft:crafting_table":7,"minecraft:blast_furnace":1,"simplefarming:blackberries":6,"minecraft:white_bed":1,"minecraft:black_bed":3,"simplyswords:watcher_claymore":13,"minecraft:smoker":1,"sophisticatedbackpacks:backpack":1,"minecraft:black_wool":20,"minecraft:firework_rocket":4,"minecraft:bread":38,"minecraft:iron_pickaxe":13,"minecraft:cobblestone":49,"minecraft:andesite":9,"azurepaxels:wooden_paxel":166,"minecraft:experience_bottle":1},"minecraft:broken":{"azurepaxels:stone_paxel":2,"azurepaxels:iron_paxel":1,"azurepaxels:wooden_paxel":2},"minecraft:dropped":{"minecraft:bread":1,"minecraft:moss_block":2,"minecraft:birch_planks":2,"minecraft:wheat_seeds":1,"minecraft:ender_pearl":6,"minecraft:cobblestone":84,"minecraft:yellow_carpet":6,"minecraft:polished_andesite":1,"minecraft:iron_door":1,"minecraft:lime_carpet":16,"gravestone:obituary":2,"simplyswords:gold_chakram":2,"minecraft:bucket":2,"minecraft:dark_oak_planks":10,"minecraft:blue_carpet":2,"ftbquests:book":1,"shieldsplus:wooden_shield":1,"minecraft:furnace":2,"minecraft:lever":1,"minecraft:bowl":1,"minecraft:wheat":27,"minecraft:raw_iron":8,"minecraft:white_carpet":1,"minecraft:rotten_flesh":13,"enderio:end_steel_ingot":10,"sophisticatedbackpacks:backpack":3,"industrialforegoing:mob_imprisonment_tool":1,"minecraft:pumpkin_seeds":1,"minecraft:filled_map":1,"simplyswords:iron_scythe":1,"immersive_armors:slime_chestplate":1,"minecraft:andesite":1,"minecraft:bow":1,"minecraft:dark_prismarine":1,"minecraft:stone_brick_stairs":2,"minecraft:black_wool":2},"minecraft:mined":{"minecraft:dark_oak_planks":7,"minecraft:dark_prismarine":2,"minecraft:blue_carpet":8,"minecraft:spruce_planks":1,"minecraft:white_bed":1,"minecraft:mossy_cobblestone":4,"minecraft:cobblestone_stairs":1,"minecraft:dark_oak_log":2,"minecraft:ladder":1,"gravestone:gravestone":1,"minecraft:granite":5,"minecraft:grass_block":10,"minecraft:yellow_carpet":3,"minecraft:redstone_wire":1,"minecraft:spruce_leaves":7,"minecraft:moss_block":7,"supplementaries:sconce_wall":1,"minecraft:chiseled_stone_bricks":1,"minecraft:spawner":1,"minecraft:hay_block":13,"minecraft:furnace":3,"minecraft:iron_ore":41,"minecraft:fire":1,"minecraft:snow":3,"minecraft:andesite":42,"minecraft:mossy_stone_brick_stairs":1,"minecraft:bookshelf":41,"minecraft:dirt_path":1,"minecraft:bamboo_sapling":1,"minecraft:bamboo":1,"minecraft:stone":190,"sophisticatedbackpacks:backpack":2,"minecraft:white_wool":2,"minecraft:tripwire":3,"minecraft:podzol":2,"minecraft:oak_slab":1,"minecraft:brown_carpet":1,"minecraft:crafting_table":4,"minecraft:oak_wood":1,"minecraft:chest":5,"minecraft:lime_carpet":13,"minecraft:tall_grass":3,"minecraft:cobblestone":7,"minecraft:birch_wood":1,"minecraft:oak_planks":5,"minecraft:diorite":16,"minecraft:iron_door":1,"supplementaries:urn":2,"minecraft:birch_planks":5,"minecraft:coarse_dirt":1,"minecraft:white_carpet":1,"minecraft:spruce_log":26,"minecraft:light_gray_wool":10,"minecraft:smooth_stone_slab":1,"minecraft:black_bed":2,"minecraft:stone_brick_stairs":3,"minecraft:grass":24,"minecraft:black_wool":25,"minecraft:coal_ore":110,"minecraft:oak_log":29,"minecraft:gravel":8,"minecraft:dirt":5,"minecraft:cracked_stone_bricks":1,"minecraft:polished_andesite":2,"minecraft:stone_bricks":4,"minecraft:fern":1,"minecraft:oak_leaves":19,"denseores:dense_iron_ore":7},"minecraft:picked_up":{"minecraft:wheat":35,"minecraft:crafting_table":4,"minecraft:allium":1,"minecraft:ladder":2,"minecraft:stone_brick_stairs":3,"gravestone:obituary":2,"minecraft:string":1,"minecraft:moss_carpet":2,"minecraft:white_carpet":1,"minecraft:bucket":3,"minecraft:beef":1,"grapplemod:grapplinghook":1,"minecraft:azalea":1,"minecraft:chest":5,"minecraft:furnace":5,"simplefarming:spinach_seeds":1,"minecraft:stick":1,"minecraft:raw_iron":71,"simplefarming:pear":8,"minecraft:torch":1,"sophisticatedbackpacks:backpack":4,"simplyswords:iron_halberd":1,"simplefarming:onion_seeds":1,"minecraft:diorite":17,"minecraft:redstone":1,"minecraft:blue_carpet":2,"minecraft:dark_oak_planks":5,"minecraft:lime_carpet":16,"minecraft:arrow":12,"minecraft:rotten_flesh":33,"simplyswords:iron_scythe":1,"supplementaries:sconce":1,"simplefarming:strawberries":4,"minecraft:hay_block":13,"minecraft:totem_of_undying":2,"minecraft:glow_berries":3,"minecraft:obsidian":4,"minecraft:snowball":2,"minecraft:white_wool":2,"minecraft:cobblestone":219,"minecraft:birch_log":2,"enderio:loot_capacitor":1,"minecraft:iron_door":1,"minecraft:andesite":42,"minecraft:black_bed":2,"artifacts:anglers_hat":1,"minecraft:birch_planks":6,"simplyswords:gold_chakram":3,"minecraft:flint":1,"minecraft:oak_log":29,"minecraft:gunpowder":1,"minecraft:dirt":11,"minecraft:wheat_seeds":4,"ftbquests:book":1,"minecraft:birch_wood":1,"artifacts:kitty_slippers":1,"minecraft:bamboo":2,"minecraft:moss_block":11,"minecraft:oak_planks":1,"minecraft:book":110,"patchouli:guide_book":1,"minecraft:chiseled_stone_bricks":1,"minecraft:gravel":7,"enderio:end_steel_ingot":15,"minecraft:white_bed":1,"minecraft:spruce_log":26,"simplefarming:blackberries":6,"minecraft:dark_oak_log":2,"minecraft:mossy_cobblestone":1,"minecraft:dark_prismarine":1,"minecraft:polished_andesite":1,"immersive_armors:bone_boots":1,"minecraft:yellow_carpet":6,"simplefarming:sweet_potato_seeds":1,"waystones:waystone":6,"minecraft:lever":1,"minecraft:granite":3,"minecraft:golden_apple":1,"minecraft:bread":1,"minecraft:emerald":2,"minecraft:black_wool":27,"simplefarming:cotton_seeds":1,"minecraft:coal":104,"minecraft:ender_pearl":15,"azurepaxels:wooden_paxel":1},"minecraft:killed":{"minecraft:evoker":2,"minecraft:vex":4,"minecraft:spider":18,"minecraft:vindicator":6,"minecraft:horse":1,"minecraft:skeleton":8,"minecraft:chicken":1,"minecraft:zombie_villager":1,"minecraft:creeper":5,"minecraft:sheep":1,"minecraft:pillager":2,"minecraft:zombie":27,"minecraft:enderman":5,"minecraft:cow":1}},"DataVersion":3465}