{"stats":{"minecraft:custom":{"minecraft:interact_with_furnace":16,"minecraft:mob_kills":8,"minecraft:interact_with_crafting_table":27,"minecraft:open_barrel":2,"minecraft:time_since_death":31310,"minecraft:climb_one_cm":11313,"minecraft:time_since_rest":31339,"minecraft:sprint_one_cm":113984,"minecraft:damage_taken":818,"minecraft:walk_one_cm":85189,"minecraft:drop":5,"minecraft:damage_dealt":1841,"minecraft:swim_one_cm":32,"minecraft:player_kills":1,"minecraft:fly_one_cm":435251,"minecraft:open_chest":19,"minecraft:crouch_one_cm":2237,"minecraft:play_time":40651,"minecraft:deaths":2,"minecraft:sneak_time":632,"minecraft:walk_under_water_one_cm":47,"minecraft:jump":759,"minecraft:interact_with_blast_furnace":5,"minecraft:walk_on_water_one_cm":2334,"minecraft:total_world_time":40651,"minecraft:fall_one_cm":25389},"minecraft:used":{"minecraft:oak_trapdoor":3,"immersive_armors:steampunk_chestplate":1,"minecraft:chest":2,"simplefarming:cheeseburger":2,"minecraft:iron_sword":1,"azurepaxels:iron_paxel":20,"immersive_armors:bone_chestplate":1,"supplementaries:sconce":9,"minecraft:oak_door":1,"minecraft:torch":17,"minecraft:crafting_table":2,"minecraft:blast_furnace":1,"minecraft:carrot":1,"minecraft:white_bed":1,"sophisticatedbackpacks:backpack":1,"minecraft:cobblestone":10,"minecraft:furnace":2,"minecraft:andesite":9,"azurepaxels:wooden_paxel":166,"simplyswords:soulpyre":11,"minecraft:cooked_beef":1,"azurepaxels:stone_paxel":261,"minecraft:experience_bottle":1},"minecraft:crafted":{"minecraft:cooked_beef":1,"minecraft:wooden_sword":1,"minecraft:oak_door":3,"minecraft:smooth_stone":3,"minecraft:oak_planks":52,"minecraft:wooden_shovel":2,"minecraft:stone_shovel":2,"sophisticatedbackpacks:backpack":1,"minecraft:crafting_table":2,"minecraft:spruce_planks":104,"minecraft:wooden_pickaxe":2,"minecraft:iron_helmet":1,"minecraft:furnace":3,"minecraft:blast_furnace":1,"azurepaxels:wooden_paxel":2,"minecraft:stone":3,"minecraft:birch_planks":24,"minecraft:stone_axe":2,"minecraft:air":0,"minecraft:oak_trapdoor":4,"azurepaxels:stone_paxel":2,"minecraft:iron_boots":1,"azurepaxels:iron_paxel":1,"minecraft:iron_axe":1,"minecraft:stick":60,"minecraft:iron_ingot":33,"minecraft:iron_pickaxe":2,"minecraft:stone_pickaxe":2,"minecraft:wooden_axe":2,"minecraft:chest":2,"minecraft:iron_shovel":1,"minecraft:iron_leggings":1,"minecraft:torch":16},"minecraft:broken":{"azurepaxels:stone_paxel":2,"azurepaxels:wooden_paxel":2},"minecraft:dropped":{"minecraft:lever":1,"minecraft:cobblestone":32,"sophisticatedbackpacks:backpack":2,"gravestone:obituary":1},"minecraft:mined":{"minecraft:white_bed":1,"minecraft:mossy_cobblestone":1,"minecraft:crafting_table":1,"minecraft:granite":3,"minecraft:grass_block":9,"minecraft:chest":1,"minecraft:redstone_wire":1,"minecraft:cobblestone":2,"minecraft:tall_grass":2,"minecraft:birch_wood":1,"minecraft:spruce_leaves":5,"minecraft:moss_block":4,"minecraft:diorite":16,"supplementaries:sconce_wall":1,"minecraft:chiseled_stone_bricks":1,"minecraft:iron_ore":31,"minecraft:snow":3,"minecraft:spruce_log":26,"minecraft:andesite":38,"minecraft:stone_brick_stairs":1,"minecraft:grass":4,"minecraft:oak_log":13,"minecraft:coal_ore":88,"minecraft:dirt_path":1,"minecraft:gravel":8,"minecraft:dirt":4,"minecraft:bamboo_sapling":1,"minecraft:bamboo":1,"minecraft:stone_bricks":1,"minecraft:stone":168,"sophisticatedbackpacks:backpack":1,"minecraft:tripwire":3,"minecraft:oak_leaves":8,"denseores:dense_iron_ore":7},"minecraft:picked_up":{"enderio:loot_capacitor":1,"minecraft:birch_log":2,"minecraft:crafting_table":1,"minecraft:allium":1,"minecraft:andesite":38,"minecraft:flint":1,"minecraft:stone_brick_stairs":1,"minecraft:oak_log":13,"gravestone:obituary":1,"minecraft:dirt":11,"minecraft:moss_carpet":2,"minecraft:wheat_seeds":3,"minecraft:birch_wood":1,"minecraft:beef":1,"minecraft:azalea":1,"minecraft:bamboo":2,"minecraft:chest":1,"minecraft:moss_block":8,"simplefarming:spinach_seeds":1,"minecraft:stick":1,"minecraft:raw_iron":53,"minecraft:chiseled_stone_bricks":1,"minecraft:torch":1,"sophisticatedbackpacks:backpack":2,"minecraft:gravel":7,"simplefarming:onion_seeds":1,"minecraft:diorite":17,"minecraft:white_bed":1,"minecraft:spruce_log":26,"minecraft:redstone":1,"minecraft:mossy_cobblestone":1,"minecraft:arrow":5,"minecraft:rotten_flesh":2,"minecraft:lever":1,"supplementaries:sconce":1,"minecraft:granite":3,"minecraft:emerald":1,"simplefarming:cotton_seeds":1,"minecraft:glow_berries":3,"minecraft:coal":82,"minecraft:snowball":2,"minecraft:cobblestone":185},"minecraft:killed":{"minecraft:vindicator":1,"minecraft:spider":1,"minecraft:creeper":1,"minecraft:pillager":2,"minecraft:zombie":2,"minecraft:cow":1}},"DataVersion":3465}